--
-- Struktura tabeli dla tabeli `city`
--

CREATE TABLE `city` (
  `city_id` int(11) NOT NULL,
  `country` text CHARACTER SET utf8 COLLATE utf8_unicode_ci,
  `region` text CHARACTER SET utf8 COLLATE utf8_unicode_ci,
  `name` text CHARACTER SET utf8 COLLATE utf8_unicode_ci
) ENGINE=InnoDB DEFAULT CHARSET=latin1;

--
-- Zrzut danych tabeli `city`
--

INSERT INTO `city` (`city_id`, `country`, `region`, `name`) VALUES
(1, 'Polska', 'pomorskie', 'Gdynia'),
(2, 'Polska', 'małopolskie', 'Kraków'),
(3, 'Polska', 'śląskie', 'Zabrze'),
(4, 'Polska', 'podkarpackie', 'Białystok'),
(5, 'Polska', 'świętokrzyskie', 'Kielce'),
(6, 'Polska', 'pomorskie', 'Gdańsk'),
(7, 'Polska', 'wielkopolskie', 'Poznań'),
(8, 'Polska', 'mazowieckie', 'Warszawa'),
(9, 'Polska', 'dolnośląskie', 'Legnica'),
(10, 'Polska', 'śląskie', 'Gliwice'),
(11, 'Polska', 'zachodniopomorskie', 'Szczecin'),
(12, 'Polska', 'dolnośląskie', 'Wrocław'),
(13, 'Polska', 'mazowieckie', 'Płock'),
(14, 'Polska', 'dolnośląskie', 'Lubin'),
(15, 'Polska', 'śląskie', 'Sosnowiec');

-- --------------------------------------------------------

--
-- Struktura tabeli dla tabeli `stadion`
--

CREATE TABLE `stadion` (
  `stadion_id` int(11) NOT NULL,
  `name` text CHARACTER SET utf8 COLLATE utf8_unicode_ci,
  `city_id` int(11) DEFAULT NULL,
  `sits_nr` int(11) NOT NULL
) ENGINE=InnoDB DEFAULT CHARSET=latin1;

--
-- Zrzut danych tabeli `stadion`
--

INSERT INTO `stadion` (`stadion_id`, `name`, `city_id`, `sits_nr`) VALUES
(1, 'Stadion Miejski w Gdyni', 1, 15139),
(2, 'Stadion Cracovii w Krakowie', 2, 15114),
(3, 'Stadion im. Ernesta Pohla w Zabrzu', 3, 24563),
(4, 'Stadion miejski w Białymstoku', 4, 22409),
(5, 'Suzuki Arena', 5, 15550),
(6, 'Stadion Energa Gdańsk', 6, 41620),
(7, 'Stadion Miejski w Poznaniu', 7, 43269),
(8, 'Stadion Wojska Polskiego w Warszawie', 8, 31103),
(9, 'Stadion Miejski w Legnicy', 9, 6244),
(10, 'Stadion Miejski w Gliwicach', 10, 9913),
(11, 'Stadion Miejski w Szczecinie', 11, 18927),
(12, 'Stadion Miejski we Wrocławiu', 12, 45105),
(13, 'Stadion Miejski w Krakowie', 2, 33326),
(14, 'Stadion im. Kazimierza Górskiego w Płocku', 13, 10978),
(15, 'Stadion Zagłębia Lubin w Lubinie', 14, 16068),
(16, 'Stadion Ludowy w Sosnowcu', 15, 7500);

-- --------------------------------------------------------
--
-- Struktura tabeli dla tabeli `judge`
--

CREATE TABLE `judge` (
  `judge_id` int(11) NOT NULL,
  `first_name` text CHARACTER SET utf8 COLLATE utf8_unicode_ci,
  `last_name` text CHARACTER SET utf8 COLLATE utf8_unicode_ci,
  `city_id` int(11) DEFAULT NULL,
  `matches_nr` int(11) DEFAULT NULL
) ENGINE=InnoDB DEFAULT CHARSET=latin1;

--
-- Zrzut danych tabeli `judge`
--

INSERT INTO `judge` (`judge_id`, `first_name`, `last_name`, `city_id`, `matches_nr`) VALUES
(1, 'Szymon', 'Marciniak', 13, 234),
(2, 'Paweł', 'Gil', 8, 263),
(3, 'Bartosz', 'Frankowski', 6, 163),
(4, 'Daniel', 'Stefański', 1, 210),
(5, 'Paweł', 'Raczkowski', 8, 0),
(6, 'Tomasz', 'Musiał', 2, 193),
(7, 'Marcin', 'Wróbel', 7, 254),
(8, 'Hubert', 'Siejewicz', 4, 187);

-- --------------------------------------------------------
--
-- Struktura tabeli dla tabeli `club`
--

CREATE TABLE `club` (
  `club_id` int(11) NOT NULL,
  `club_name` text CHARACTER SET utf8 COLLATE utf8_unicode_ci,
  `city` text CHARACTER SET utf8 COLLATE utf8_unicode_ci,
  `stadion` text CHARACTER SET utf8 COLLATE utf8_unicode_ci,
  `win` int(11) DEFAULT NULL,
  `lost` int(11) DEFAULT NULL,
  `draw` int(11) DEFAULT NULL,
  `points` int(11) DEFAULT NULL,
  `position` int(11) DEFAULT NULL
) ENGINE=InnoDB DEFAULT CHARSET=latin1;

--
-- Zrzut danych tabeli `club`
--

INSERT INTO `club` (`club_id`, `club_name`, `city`, `stadion`, `win`, `lost`, `draw`, `points`, `position`) VALUES
(1, 'Arka Gdynia', 'Gdynia', 'Stadion Miejski w Gdyni', 0, 0, 0, 0, NULL),
(2, 'Cracovia Kraków', 'Kraków', 'Stadion Cracovii w Krakowie', 0, 0, 0, 0, NULL),
(3, 'Górnik Zabrze', 'Zabrze', 'Stadion im. Ernesta Pohla w Zabrzu', 0, 0, 0, 0, NULL),
(4, 'Jagiellonia Białystok', 'Białystok', 'Stadion miejski w Białymstoku', 0, 0, 0, 0, NULL),
(5, 'Korona Kielce', 'Kielce', 'Suzuki Arena', 0, 0, 0, 0, NULL),
(6, 'Lechia Gdańsk', 'Gdańsk', 'Stadion Energa Gdańsk', 0, 0, 0, 0, NULL),
(7, 'Lech Poznań', 'Poznań', 'Stadion Miejski w Poznaniu', 0, 0, 0, 0, NULL),
(8, 'Legia Warszawa', 'Warszawa', 'Stadion Wojska Polskiego w Warszawie', 0, 0, 0, 0, NULL),
(9, 'Miedź Legnica', 'Legnica', 'Stadion Miejski w Legnicy', 0, 0, 0, 0, NULL),
(10, 'Piast Gliwice', 'Gliwice', 'Stadion Miejski w Gliwicach', 0, 0, 0, 0, NULL),
(11, 'Pogoń Szczecin', 'Szczecin', 'Stadion Miejski w Szczecinie', 0, 0, 0, 0, NULL),
(12, 'Śląsk Wrocław', 'Wrocław', 'Stadion Miejski we Wrocławiu', 0, 0, 0, 0, NULL),
(13, 'Wisła Kraków', 'Kraków', 'Stadion Miejski w Krakowie', 0, 0, 0, 0, NULL),
(14, 'Wisła Płock', 'Płock', 'Stadion im. Kazimierza Górskiego w Płocku', 0, 0, 0, 0, NULL),
(15, 'Zagłębie Lubin', 'Lubin', 'Stadion Zagłębia Lubin w Lubinie', 0, 0, 0, 0, NULL),
(16, 'Zagłębie Sosnowiec', 'Sosnowiec', 'Stadion Ludowy w Sosnowcu', 0, 0, 0, 0, NULL);

-- --------------------------------------------------------
--
-- Struktura tabeli dla tabeli `sponsor`
--

CREATE TABLE `sponsor` (
  `sponsor_id` int(11) NOT NULL,
  `sponsor_name` text COLLATE utf8_unicode_ci,
  `city_id` int(11) DEFAULT NULL
) ENGINE=InnoDB DEFAULT CHARSET=utf8 COLLATE=utf8_unicode_ci;

--
-- Zrzut danych tabeli `sponsor`
--

INSERT INTO `sponsor` (`sponsor_id`, `sponsor_name`, `city_id`) VALUES
(1, 'Nike', 8),
(2, 'Adidas', 8),
(3, 'Legea', 8),
(4, 'Jako', 12),
(5, 'Errea', 8),
(6, 'Hummel', 7),
(7, 'New Balance', 6),
(8, 'Joma', 7),
(9, 'Zina', 2),
(10, 'Miasto Gdynia', 1),
(11, 'Comarch', 2),
(12, 'Bogdanka', 5),
(13, 'Lewiatan', 2),
(14, 'STS', 8),
(15, 'Energa', 6),
(16, 'Fortuna', 7),
(17, 'E-toto', 2),
(18, 'Grupa Azoty', 2),
(19, 'Orlen', 8),
(20, 'KGHM', 14);

-- --------------------------------------------------------
--
-- Struktura tabeli dla tabeli `zawodnik`
--

CREATE TABLE `zawodnik` (
  `zawodnik_id` int(11) NOT NULL,
  `first_name` text CHARACTER SET utf8 COLLATE utf8_unicode_ci,
  `last_name` text CHARACTER SET utf8 COLLATE utf8_unicode_ci,
  `nationality` text CHARACTER SET utf8 COLLATE utf8_unicode_ci,
  `position` text CHARACTER SET utf8 COLLATE utf8_unicode_ci,
  `goals` int(11) DEFAULT NULL,
  `club_id` int(11) DEFAULT NULL
) ENGINE=InnoDB DEFAULT CHARSET=latin1;

--
-- Zrzut danych tabeli `zawodnik`
--

INSERT INTO `zawodnik` (`zawodnik_id`, `first_name`, `last_name`, `nationality`, `position`, `goals`, `club_id`) VALUES
(1, 'Damian', 'Zbozień', 'Polska', 'PO', NULL, 1),
(2, 'Goran', 'Cvijanović', 'Słowenia', 'ŚP', NULL, 1),
(3, 'Andriy', 'Bogdanov', 'Ukraina', 'ŚP', NULL, 1),
(4, 'Alexander', 'Kolev', 'Białoruś', 'N', NULL, 1),
(5, 'Nabil', 'Aankour', 'Maroko', 'ŚPO', NULL, 1),
(6, 'Adam', 'Marciniak', 'Polska', 'LO', NULL, 1),
(7, 'Frederik', 'Helstrup', 'Dania', 'ŚO', NULL, 1),
(8, 'Adam', 'Danch', 'Polska', 'ŚO', NULL, 1),
(9, 'Luka', 'Zarandia', 'Gruzja', 'PP', NULL, 1),
(10, 'Karol', 'Danielak', 'Polska', 'LP', NULL, 1),
(11, 'Pavels', 'Steinbors', 'Łotwa', 'BR', NULL, 1),
(12, 'Cornel', 'Rapa', 'Rumunia', 'PO', NULL, 2),
(13, 'Kamil', 'Pestka', 'Polska', 'LO', NULL, 2),
(14, 'Janusz', 'Gol', 'Polska', 'ŚP', NULL, 2),
(15, 'Mateusz', 'Szczepaniak', 'Polska', 'N', NULL, 2),
(16, 'Damian', 'Dąbrowski', 'Polska', 'ŚPD', NULL, 2),
(17, 'Jakub', 'Serafin', 'Polska', 'ŚP', NULL, 2),
(18, 'Niko', 'Datković', 'Chorwacja', 'ŚO', NULL, 2),
(19, 'Michał', 'Helik', 'Polska', 'ŚO', NULL, 2),
(20, 'Sergei', 'Zenjov', 'Estonia', 'PP', NULL, 2),
(21, 'Antonini', 'Culina', 'Chorwacja', 'LP', NULL, 2),
(22, 'Maciej', 'Gostomski', 'Polska', 'BR', NULL, 2),
(23, 'Kacper', 'Michalski', 'Polska', 'PO', NULL, 3),
(24, 'Maciej', 'Ambrosiewicz', 'Polska', 'ŚP', NULL, 3),
(25, 'Szymon', 'Żurkowski', 'Polska', 'ŚP', NULL, 3),
(26, 'Igor', 'Angulo', 'Hiszpania', 'N', NULL, 3),
(27, 'Szymon', 'Matuszek', 'Polska', 'ŚPD', NULL, 3),
(28, 'Michał', 'Koj', 'Polska', 'LO', NULL, 3),
(29, 'Paweł', 'Bochniewicz', 'Polska', 'ŚO', NULL, 3),
(30, 'Dani', 'Suarez', 'Hiszpania', 'ŚO', NULL, 3),
(31, 'Konrad', 'Nowak', 'Polska', 'PP', NULL, 3),
(32, 'Adam', 'Ryczkowski', 'Polska', 'LP', NULL, 3),
(33, 'Tomasz', 'Loska', 'Polska', 'BR', NULL, 3),
(34, 'Łukasz', 'Burliga', 'Polska', 'PO', NULL, 4),
(35, 'Jesus', 'Imaz', 'Hiszpania', 'ŚP', NULL, 4),
(36, 'Martin', 'Pospisil', 'Czechy', 'ŚP', NULL, 4),
(37, 'Roman', 'Bezjak', 'Słowenia', 'N', NULL, 4),
(38, 'Taras', 'Romanczuk', 'Polska', 'ŚPD', NULL, 4),
(39, 'Guilherme', 'Sitya', 'Brazylia', 'LO', NULL, 4),
(40, 'Ivan', 'Runje', 'Chorwacja', 'ŚO', NULL, 4),
(41, 'Nemanja', 'Mitrović', 'Słowenia', 'ŚO', NULL, 4),
(42, 'Przemysław', 'Frankowski', 'Polska', 'PP', NULL, 4),
(43, 'Arvydas', 'Novikovas', 'Litwa', 'LP', NULL, 4),
(44, 'Marian', 'Kelemen', 'Słowacja', 'BR', NULL, 4),
(45, 'Bartosz', 'Rymaniak', 'Polska', 'PO', NULL, 5),
(46, 'Wiktor', 'Długosz', 'Polska', 'ŚP', NULL, 5),
(47, 'Elia', 'Soriano', 'Niemcy', 'N', NULL, 5),
(48, 'Mateusz', 'Możdżeń', 'Polska', 'ŚPD', NULL, 5),
(49, 'Ken', 'Kallaste', 'Estonia', 'LO', NULL, 5),
(50, 'Joonas', 'Tamm', 'Estonia', 'ŚO', NULL, 5),
(51, 'Elhadji', 'Diaw', 'Senegal', 'ŚO', NULL, 5),
(52, 'Michael', 'Gardawski', 'Niemcy', 'PP', NULL, 5),
(53, 'Marcin', 'Cebula', 'Polska', 'LP', NULL, 5),
(54, 'Matthias', 'Hamrol', 'Niemcy', 'BR', NULL, 5),
(55, 'Zlatko', 'Janjić', 'Bośnia i Hercegowina', 'ŚP', NULL, 5),
(56, 'Grzegorz', 'Wojtkowiak', 'Polska', 'PO', NULL, 6),
(57, 'Flavio', 'Paixao', 'Portugalia', 'ŚP', NULL, 6),
(58, 'Rafał', 'Wolski', 'Polska', 'ŚP', NULL, 6),
(59, 'Artur', 'Sobiech', 'Polska', 'N', NULL, 6),
(60, 'Ariel', 'Borysiuk', 'Polska', 'ŚPD', NULL, 6),
(61, 'Filip', 'Mladenović', 'Serbia', 'LO', NULL, 6),
(62, 'Michał', 'Nalepa', 'Polska', 'ŚO', NULL, 6),
(63, 'Joao', 'Nunes', 'Portugalia', 'ŚO', NULL, 6),
(64, 'Lukas', 'Haraslin', 'Słowacja', 'PP', NULL, 6),
(65, 'Michał', 'Mak', 'Polska', 'LP', NULL, 6),
(66, 'Dusan', 'Kuciak', 'Słowacja', 'BR', NULL, 6),
(67, 'Jao', 'Amaral', 'Portugalia', 'PP', NULL, 7),
(68, 'Pedro', 'Tiba', 'Portugalia', 'ŚP', NULL, 7),
(69, 'Maciej', 'Gajos', 'Polska', 'ŚP', NULL, 7),
(70, 'Christian', 'Gytkjaer', 'Dania', 'N', NULL, 7),
(71, 'Łukasz', 'Trałka', 'Polska', 'ŚPD', NULL, 7),
(72, 'Piotr', 'Tomasik', 'Polska', 'LO', NULL, 7),
(73, 'Nikola', 'Vujadinović', 'Czarnogóra', 'ŚO', NULL, 7),
(74, 'Thomas', 'Rogne', 'Norwegia', 'ŚO', NULL, 7),
(75, 'Robert', 'Gumny', 'Polska', 'PO', NULL, 7),
(76, 'Darko', 'Jevtić', 'Szwajcaria', 'LP', NULL, 7),
(77, 'Jasmin', 'Burić', 'Bośnia i Hercegowina', 'BR', NULL, 7),
(78, 'Wiliam', 'Remy', 'Francja', 'PO', NULL, 8),
(79, 'Domagoi', 'Antolić', 'Chorwacja', 'ŚP', NULL, 8),
(80, 'Miroslav', 'Radović', 'Serbia', 'ŚP', NULL, 8),
(81, 'Carlos', 'Lopez', 'Hiszpania', 'N', NULL, 8),
(82, 'Carlos', 'Diaz', 'Portugalia', 'ŚPD', NULL, 8),
(83, 'Adam', 'Hlousek', 'Czechy', 'LO', NULL, 8),
(84, 'Artur', 'Jędrzejczyk', 'Polska', 'PO', NULL, 8),
(85, 'Michał', 'Pazdan', 'Polska', 'ŚO', NULL, 8),
(86, 'Iuri', 'Mederios', 'Portugalia', 'PP', NULL, 8),
(87, 'Kasper', 'Hamalainen', 'Finlandia', 'LP', NULL, 8),
(88, 'Arkadiusz', 'Malarz', 'Polska', 'BR', NULL, 8),
(89, 'Grzegorz', 'Bartczak', 'Polska', 'PO', NULL, 9),
(90, 'Juan', 'Mesa', 'Hiszpania', 'ŚP', NULL, 9),
(91, 'Łukasz', 'Garguła', 'Polska', 'ŚP', NULL, 9),
(92, 'Mateusz', 'Szczepaniak', 'Polska', 'N', NULL, 9),
(93, 'Marcos', 'Barreno', 'Hiszpania', 'ŚPD', NULL, 9),
(94, 'Frank', 'Kwame', 'Ghana', 'LO', NULL, 9),
(95, 'Jonathan', 'De Amo', 'Hiszpania', 'ŚO', NULL, 9),
(96, 'Francisco', 'Torres', 'Hiszpania', 'ŚO', NULL, 9),
(97, 'Wojciech', 'Łobodziński', 'Polska', 'PP', NULL, 9),
(98, 'Mladen', 'Bartulović', 'Chorwacja', 'LP', NULL, 9),
(99, 'Łukasz', 'Sapela', 'Polska', 'BR', NULL, 9),
(100, 'Martin', 'Konczakowski', 'Polska', 'PO', NULL, 10),
(101, 'Juan', 'Camara', 'Hiszpania', 'ŚP', NULL, 10),
(102, 'Omar', 'Santana', 'Hiszpania', 'ŚP', NULL, 10),
(103, 'Piotr', 'Parzyszek', 'Polska', 'N', NULL, 10),
(104, 'Tomasz', 'Jodłowiec', 'Polska', 'ŚPD', NULL, 10),
(105, 'Marcin', 'Pietrowski', 'Polska', 'LO', NULL, 10),
(106, 'Jakub', 'Czerwiński', 'Polska', 'ŚO', NULL, 10),
(107, 'Aleksandar', 'Sedlar', 'Serbia', 'ŚO', NULL, 10),
(108, 'Gerard', 'Badia', 'Hiszpania', 'PP', NULL, 10),
(109, 'Mladen', 'Bartulović', 'Chorwacja', 'LP', NULL, 10),
(110, 'Jakub', 'Szmatuła', 'Polska', 'BR', NULL, 10),
(111, 'Łukasz', 'Broź', 'Polska', 'PO', NULL, 12),
(112, 'Michał', 'Chrapek', 'Polska', 'ŚP', NULL, 12),
(113, 'Mateusz', 'Radecki', 'Polska', 'ŚP', NULL, 12),
(114, 'Marcin', 'Robak', 'Hiszpania', 'N', NULL, 12),
(115, 'Krzysztof', 'Mączyński', 'Polska', 'ŚPD', NULL, 12),
(116, 'Dorde', 'Cotra', 'Serbia', 'LO', NULL, 12),
(117, 'Piotr', 'Celeban', 'Polska', 'ŚO', NULL, 12),
(118, 'Igors', 'Tarasovs', 'Łotwa', 'ŚO', NULL, 12),
(119, 'Farshad', 'Ahmadzadeh', 'Iran', 'PP', NULL, 12),
(120, 'Robert', 'Pich', 'Słowacja', 'LP', NULL, 12),
(121, 'Jakub', 'Słowik', 'Polska', 'BR', NULL, 12),
(122, 'Łukasz', 'Burliga', 'Polska', 'PO', NULL, 13),
(123, 'Jesus', 'Imaz', 'Hiszpania', 'ŚP', NULL, 13),
(124, 'Dawid', 'Kort', 'Polska', 'ŚP', NULL, 13),
(125, 'Zdenek', 'Ondrasek', 'Czechy', 'N', NULL, 13),
(126, 'Vullnet', 'Basha', 'Albania', 'ŚPD', NULL, 13),
(127, 'Maciej', 'Sadlok', 'Polska', 'LO', NULL, 13),
(128, 'Marcin', 'Wasilewski', 'Polska', 'ŚO', NULL, 13),
(129, 'Zoran', 'Arsenić', 'Chorwacja', 'ŚO', NULL, 13),
(130, 'Jakub', 'Błaszczykowski', 'Polska', 'PP', NULL, 13),
(131, 'Sławomir', 'Peszko', 'Polska', 'LP', NULL, 13),
(132, 'Michał', 'Buchalik', 'Polska', 'BR', NULL, 13),
(133, 'Cezary', 'Stefańczyk', 'Polska', 'PO', NULL, 14),
(134, 'Semir', 'Stilić', 'Bośnia i Hercegowina', 'ŚP', NULL, 14),
(135, 'Mateusz', 'Szwoch', 'Polska', 'ŚP', NULL, 14),
(136, 'Ricardo', 'Mendes', 'Brazylia', 'N', NULL, 14),
(137, 'Dominik', 'Furman', 'Polska', 'ŚPD', NULL, 14),
(138, 'Marcin', 'Warcholak', 'Polska', 'LO', NULL, 14),
(139, 'Alan', 'Uryga', 'Polska', 'ŚO', NULL, 14),
(140, 'Adam', 'Dźwigała', 'Polska', 'ŚO', NULL, 14),
(141, 'Carlos', 'De Oliveira', 'Portugalia', 'PP', NULL, 14),
(142, 'Alen', 'Stevanović', 'Serbia', 'LP', NULL, 14),
(143, 'Thomas', 'Dahne', 'Niemcy', 'BR', NULL, 14),
(144, 'Jakub', 'Bartkowski', 'Polska', 'PO', NULL, 11),
(145, 'Zvonimir', 'Kozulj', 'Bośnia i Hercegowina', 'ŚP', NULL, 11),
(146, 'Radosław', 'Majewski', 'Polska', 'ŚP', NULL, 11),
(147, 'Soufian', 'Benyamina', 'Hiszpania', 'N', NULL, 11),
(148, 'Tomas', 'Podstawski', 'Portugalia', 'ŚPD', NULL, 11),
(149, 'Ricardo', 'Nunes', 'RPA', 'LO', NULL, 11),
(150, 'Lasha', 'Dvali', 'Gruzja', 'ŚO', NULL, 11),
(151, 'Jarosław', 'Fojut', 'Polska', 'ŚO', NULL, 11),
(152, 'Spas', 'Delev', 'Bułgaria', 'PP', NULL, 11),
(153, 'Adam', 'Frączczak', 'Polska', 'LP', NULL, 11),
(154, 'Łukasz', 'Załuska', 'Polska', 'BR', NULL, 11),
(155, 'Alan', 'Czerwiński', 'Polska', 'PO', NULL, 15),
(156, 'Adam', 'Matuszczyk', 'Polska', 'ŚP', NULL, 15),
(157, 'Filip', 'Starzyński', 'Polska', 'ŚP', NULL, 15),
(158, 'Patryk', 'Tuszyński', 'Polska', 'N', NULL, 15),
(159, 'Mateusz', 'Matras', 'Polska', 'ŚPD', NULL, 15),
(160, 'Sasa', 'Balić', 'Czarnogóra', 'LO', NULL, 15),
(161, 'Maciej', 'Dąbrowski', 'Polska', 'ŚO', NULL, 15),
(162, 'Bartosz', 'Kopacz', 'Polska', 'ŚO', NULL, 15),
(163, 'Damian', 'Bohar', 'Słowenia', 'PP', NULL, 15),
(164, 'Bartłomiej', 'Pawłowski', 'Polska', 'LP', NULL, 15),
(165, 'Piotr', 'Leciejewski', 'Polska', 'BR', NULL, 15),
(166, 'Michael', 'Heinloth', 'Niemcy', 'PO', NULL, 16),
(167, 'Adam', 'Banasiak', 'Polska', 'ŚP', NULL, 16),
(168, 'Tomasz', 'Nowak', 'Polska', 'ŚP', NULL, 16),
(169, 'Junior', 'Torunarigha', 'Niemiec', 'N', NULL, 16),
(170, 'Mateusz', 'Możdżeń', 'Polska', 'ŚPD', NULL, 16),
(171, 'Nuno', 'Malheiro', 'Portugalia', 'LO', NULL, 16),
(172, 'Piotr', 'Polczak', 'Polska', 'ŚO', NULL, 16),
(173, 'Adam', 'Kokoszka', 'Polska', 'ŚO', NULL, 16),
(174, 'Alexander', 'Christovao', 'Angola', 'PP', NULL, 16),
(175, 'Szymon', 'Pawłowski', 'Polska', 'LP', NULL, 16),
(176, 'Dawid', 'Kudła', 'Polska', 'BR', NULL, 16);

----------------------------------------------------
CREATE TABLE `mecz` (
  `match_id` int(11) NOT NULL,
  `host_id` int(11) DEFAULT NULL,
  `guest_id` int(11) DEFAULT NULL,
  `host_goals` int(11) DEFAULT NULL,
  `guest_goals` int(11) DEFAULT NULL,
  `state` int(11) DEFAULT NULL,
  `date` date DEFAULT NULL,
  `judge_id` int(11) DEFAULT NULL,
  `stadion_id` int(11) DEFAULT NULL,
  `queue_nr` int(11) DEFAULT NULL
) ENGINE=InnoDB DEFAULT CHARSET=latin1;

--
-- Zrzut danych tabeli `mecz`
--

INSERT INTO `mecz` (`match_id`, `host_id`, `guest_id`, `host_goals`, `guest_goals`, `state`, `date`, `judge_id`, `stadion_id`, `queue_nr`) VALUES
(1, 9, 11, 0, 0, 3, '2018-07-20', 1, 9, 1),
(2, 6, 4, 0, 0, 3, '2018-07-20', 2, 6, 1),
(3, 12, 2, 0, 0, 3, '2018-07-21', 3, 12, 1),
(4, 13, 1, 0, 0, 3, '2018-07-21', 4, 13, 1),
(5, 8, 15, 0, 0, 3, '2018-07-21', 5, 8, 1),
(6, 3, 5, 0, 0, 3, '2018-07-22', 6, 3, 1),
(7, 14, 7, 0, 0, 3, '2018-07-22', 7, 14, 1),
(8, 16, 10, 0, 0, 3, '2018-07-23', 8, 16, 1),
(9, 6, 12, 0, 0, 3, '2018-07-27', 1, 6, 2),
(10, 13, 9, 0, 0, 3, '2018-07-27', 2, 13, 2),
(11, 15, 16, 0, 0, 3, '2018-07-28', 3, 15, 2),
(12, 5, 8, 0, 0, 3, '2018-07-28', 4, 5, 2),
(13, 3, 14, 0, 0, 3, '2018-07-29', 5, 3, 2),
(14, 1, 4, 0, 0, 3, '2018-07-29', 6, 1, 2),
(15, 7, 2, 0, 0, 3, '2018-07-29', 7, 7, 2),
(16, 11, 10, 0, 0, 3, '2018-07-30', 8, 11, 2),
(17, 14, 5, 0, 0, 3, '2018-08-03', 1, 14, 3),
(18, 16, 11, 0, 0, 3, '2018-08-03', 2, 16, 3),
(19, 10, 15, 0, 0, 3, '2018-08-04', 3, 10, 3),
(20, 8, 6, 0, 0, 3, '2018-08-04', 4, 8, 3),
(21, 12, 7, 0, 0, 3, '2018-08-05', 5, 12, 3),
(22, 9, 3, 0, 0, 3, '2018-08-05', 6, 9, 3),
(23, 4, 13, 0, 0, 3, '2018-08-05', 7, 4, 3),
(24, 2, 1, 0, 0, 3, '2018-08-06', 8, 2, 3),
(25, 6, 9, 0, 0, 3, '2018-08-10', 1, 6, 4),
(26, 13, 14, 0, 0, 3, '2018-08-10', 2, 13, 4),
(27, 11, 2, 0, 0, 3, '2018-08-11', 3, 11, 4),
(28, 1, 3, 0, 0, 3, '2018-08-11', 4, 1, 4),
(29, 10, 8, 0, 0, 3, '2018-08-12', 5, 10, 4),
(30, 7, 16, 0, 0, 3, '2018-08-12', 6, 7, 4),
(31, 15, 4, 0, 0, 3, '2018-08-12', 7, 15, 4),
(32, 5, 12, 0, 0, 3, '2018-08-13', 8, 5, 4),
(33, 2, 15, 0, 0, 3, '2018-08-17', 1, 2, 5),
(34, 9, 5, 0, 0, 3, '2018-08-17', 2, 9, 5),
(35, 14, 1, 0, 0, 3, '2018-08-18', 3, 14, 5),
(36, 3, 6, 0, 0, 3, '2018-08-18', 4, 3, 5),
(37, 8, 16, 0, 0, 3, '2018-08-19', 5, 8, 5),
(38, 4, 10, 0, 0, 3, '2018-08-19', 6, 4, 5),
(39, 7, 13, 0, 0, 3, '2018-08-19', 7, 7, 5),
(40, 12, 11, 0, 0, 3, '2018-08-20', 8, 12, 5),
(41, 10, 2, 0, 0, 3, '2018-08-24', 1, 10, 6),
(42, 5, 1, 0, 0, 3, '2018-08-24', 2, 5, 6),
(43, 11, 6, 0, 0, 3, '2018-08-25', 3, 11, 6),
(44, 13, 3, 0, 0, 3, '2018-08-25', 4, 13, 6),
(45, 8, 14, 0, 0, 3, '2018-08-26', 5, 8, 6),
(46, 4, 9, 0, 0, 3, '2018-08-26', 6, 4, 6),
(47, 15, 7, 0, 0, 3, '2018-08-26', 7, 15, 6),
(48, 16, 12, 0, 0, 3, '2018-08-27', 8, 16, 6),
(49, 3, 11, 0, 0, 3, '2018-08-31', 1, 3, 7),
(50, 6, 5, 0, 0, 3, '2018-08-31', 2, 6, 7),
(51, 1, 16, 0, 0, 3, '2018-09-01', 3, 1, 7),
(52, 12, 13, 0, 0, 3, '2018-09-01', 4, 12, 7),
(53, 7, 10, 0, 0, 3, '2018-09-01', 5, 7, 7),
(54, 9, 15, 0, 0, 3, '2018-09-02', 6, 9, 7),
(55, 14, 4, 0, 0, 3, '2018-09-02', 7, 14, 7),
(56, 2, 8, 0, 0, 3, '2018-09-02', 8, 2, 7),
(57, 15, 12, 0, 0, 3, '2018-09-14', 1, 15, 8),
(58, 4, 2, 0, 0, 3, '2018-09-14', 2, 4, 8),
(59, 14, 9, 0, 0, 3, '2018-09-15', 3, 14, 8),
(60, 10, 1, 0, 0, 3, '2018-09-15', 4, 10, 8),
(61, 13, 6, 0, 0, 3, '2018-09-15', 5, 13, 8),
(62, 11, 5, 0, 0, 3, '2018-09-16', 6, 11, 8),
(63, 8, 7, 0, 0, 3, '2018-09-16', 7, 8, 8),
(64, 16, 3, 0, 0, 3, '2018-09-17', 8, 16, 8),
(65, 11, 13, 0, 0, 3, '2018-09-21', 1, 11, 9),
(66, 1, 7, 0, 0, 3, '2018-09-21', 2, 1, 9),
(67, 2, 14, 0, 0, 3, '2018-09-22', 3, 2, 9),
(68, 6, 15, 0, 0, 3, '2018-09-22', 4, 6, 9),
(69, 9, 8, 0, 0, 3, '2018-09-22', 5, 9, 9),
(70, 12, 10, 0, 0, 3, '2018-09-23', 6, 12, 9),
(71, 3, 4, 0, 0, 3, '2018-09-23', 7, 3, 9),
(72, 5, 16, 0, 0, 3, '2018-09-24', 8, 5, 9),
(73, 14, 6, 0, 0, 3, '2018-09-28', 1, 14, 10),
(74, 8, 1, 0, 0, 3, '2018-09-28', 2, 8, 10),
(75, 10, 3, 0, 0, 3, '2018-09-29', 3, 10, 10),
(76, 15, 11, 0, 0, 3, '2018-09-29', 4, 15, 10),
(77, 13, 5, 0, 0, 3, '2018-09-29', 5, 13, 10),
(78, 16, 2, 0, 0, 3, '2018-09-30', 6, 16, 10),
(79, 7, 9, 0, 0, 3, '2018-09-30', 7, 7, 10),
(80, 4, 12, 0, 0, 3, '2018-10-01', 8, 4, 10),
(81, 9, 10, 0, 0, 3, '2018-10-05', 1, 9, 11),
(82, 3, 7, 0, 0, 3, '2018-10-05', 2, 3, 11),
(83, 11, 14, 0, 0, 3, '2018-10-06', 3, 11, 11),
(84, 6, 16, 0, 0, 3, '2018-10-06', 4, 6, 11),
(85, 12, 8, 0, 0, 3, '2018-10-06', 5, 12, 11),
(86, 5, 4, 0, 0, 3, '2018-10-07', 6, 5, 11),
(87, 1, 15, 0, 0, 3, '2018-10-07', 7, 1, 11),
(88, 2, 13, 0, 0, 3, '2018-10-07', 8, 2, 11),
(89, 10, 6, 0, 0, 3, '2018-10-19', 1, 10, 12),
(90, 4, 11, 0, 0, 3, '2018-10-19', 2, 4, 12),
(91, 15, 9, 0, 0, 3, '2018-10-20', 3, 15, 12),
(92, 12, 1, 0, 0, 3, '2018-10-20', 4, 12, 12),
(93, 7, 5, 0, 0, 3, '2018-10-20', 5, 7, 12),
(94, 15, 14, 0, 0, 3, '2018-10-21', 6, 15, 12),
(95, 8, 13, 0, 0, 3, '2018-10-21', 7, 8, 12),
(96, 2, 3, 0, 0, 3, '2018-10-22', 8, 2, 12),
(97, 9, 12, 0, 0, 3, '2018-10-26', 1, 9, 13),
(98, 4, 8, 0, 0, 3, '2018-10-26', 2, 4, 13),
(99, 14, 10, 0, 0, 3, '2018-10-27', 3, 14, 13),
(100, 6, 1, 0, 0, 3, '2018-10-27', 4, 6, 13),
(101, 11, 7, 0, 0, 3, '2018-10-27', 5, 11, 13),
(102, 5, 2, 0, 0, 3, '2018-10-28', 6, 5, 13),
(103, 3, 15, 0, 0, 3, '2018-10-28', 7, 3, 13),
(104, 13, 16, 0, 0, 3, '2018-10-29', 8, 13, 13),
(105, 1, 11, 0, 0, 3, '2018-11-02', 1, 1, 14),
(106, 10, 13, 0, 0, 3, '2018-11-02', 2, 10, 14),
(107, 2, 9, 0, 0, 3, '2018-11-03', 3, 2, 14),
(108, 12, 14, 0, 0, 3, '2018-11-03', 4, 12, 14),
(109, 8, 3, 0, 0, 3, '2018-11-03', 5, 8, 14),
(110, 15, 5, 0, 0, 3, '2018-11-04', 6, 15, 14),
(111, 7, 6, 0, 0, 3, '2018-11-04', 7, 7, 14),
(112, 16, 4, 0, 0, 3, '2018-11-05', 8, 5, 14),
(113, 3, 12, 0, 0, 3, '2018-11-09', 1, 3, 15),
(114, 11, 8, 0, 0, 3, '2018-11-09', 2, 11, 15),
(115, 14, 16, 0, 0, 3, '2018-11-10', 3, 14, 15),
(116, 6, 2, 0, 0, 3, '2018-11-10', 4, 6, 15),
(117, 13, 15, 0, 0, 3, '2018-11-10', 5, 13, 15),
(118, 5, 10, 0, 0, 3, '2018-11-11', 6, 5, 15),
(119, 9, 1, 0, 0, 3, '2018-11-11', 7, 9, 15),
(120, 4, 7, 0, 0, 3, '2018-11-11', 8, 4, 15),
(121, 10, 16, 0, 0, 3, '2018-11-23', 1, 10, 16),
(122, 5, 3, 0, 0, 3, '2018-11-24', 2, 5, 16),
(123, 7, 14, 0, 0, 3, '2018-11-24', 3, 7, 16),
(124, 2, 12, 0, 0, 3, '2018-11-24', 4, 2, 16),
(125, 11, 9, 0, 0, 3, '2018-11-25', 5, 11, 16),
(126, 15, 8, 0, 0, 3, '2018-11-25', 6, 15, 16),
(127, 6, 4, 0, 0, 3, '2018-11-25', 7, 6, 16),
(128, 1, 13, 0, 0, 3, '2018-11-26', 8, 1, 16),
(129, 12, 6, 0, 0, 3, '2018-11-30', 1, 12, 17),
(130, 4, 1, 0, 0, 3, '2018-11-30', 2, 4, 17),
(131, 14, 3, 0, 0, 3, '2018-12-01', 3, 14, 17),
(132, 9, 13, 0, 0, 3, '2018-12-01', 4, 9, 17),
(133, 8, 5, 0, 0, 3, '2018-12-01', 5, 8, 17),
(134, 16, 15, 0, 0, 3, '2018-12-02', 6, 16, 17),
(135, 2, 7, 0, 0, 3, '2018-12-02', 7, 2, 17),
(136, 10, 11, 0, 0, 3, '2018-12-02', 8, 10, 17),
(137, 15, 10, 0, 0, 3, '2018-12-07', 1, 15, 18),
(138, 7, 12, 0, 0, 3, '2018-12-07', 2, 7, 18),
(139, 11, 16, 0, 0, 3, '2018-12-08', 3, 11, 18),
(140, 5, 14, 0, 0, 3, '2018-12-08', 4, 5, 18),
(141, 13, 4, 0, 0, 3, '2018-12-08', 5, 13, 18),
(142, 3, 9, 0, 0, 3, '2018-12-09', 6, 3, 18),
(143, 6, 8, 0, 0, 3, '2018-12-09', 7, 6, 18),
(144, 1, 2, 0, 0, 3, '2018-12-10', 8, 1, 18),
(145, 14, 13, 0, 0, 3, '2018-12-14', 1, 14, 19),
(146, 4, 15, 0, 0, 3, '2018-12-14', 2, 4, 19),
(147, 2, 11, 0, 0, 3, '2018-12-15', 3, 2, 19),
(148, 3, 1, 0, 0, 3, '2018-12-15', 4, 3, 19),
(149, 8, 10, 0, 0, 3, '2018-12-15', 5, 8, 19),
(150, 12, 5, 0, 0, 3, '2018-12-16', 6, 12, 19),
(151, 16, 7, 0, 0, 3, '2018-12-16', 7, 16, 19),
(152, 9, 6, 0, 0, 3, '2018-12-17', 8, 9, 19),
(153, 11, 12, 0, 0, 3, '2018-12-20', 1, 11, 20),
(154, 16, 8, 0, 0, 3, '2018-12-20', 2, 16, 20),
(155, 10, 4, 0, 0, 3, '2018-12-21', 3, 10, 20),
(156, 1, 14, 0, 0, 3, '2018-12-21', 4, 1, 20),
(157, 13, 7, 0, 0, 3, '2018-12-21', 5, 13, 20),
(158, 5, 9, 0, 0, 3, '2018-12-22', 6, 5, 20),
(159, 6, 3, 0, 0, 3, '2018-12-22', 7, 6, 20),
(160, 15, 2, 0, 0, 3, '2018-12-22', 8, 15, 20),
(161, 9, 4, 0, 0, 3, '2019-02-08', 1, 9, 21),
(162, 7, 15, 0, 0, 3, '2019-02-08', 2, 7, 21),
(163, 12, 16, 0, 0, 3, '2019-02-09', 3, 12, 21),
(164, 2, 10, 0, 0, 3, '2019-02-09', 4, 2, 21),
(165, 6, 11, 0, 0, 3, '2019-02-09', 5, 6, 21),
(166, 1, 5, 0, 0, 3, '2019-02-10', 6, 1, 21),
(167, 14, 8, 0, 0, 3, '2019-02-10', 7, 14, 21),
(168, 3, 13, 0, 0, 3, '2019-02-11', 8, 3, 21),
(169, 11, 3, 0, 0, 3, '2019-02-15', 1, 11, 22),
(170, 10, 7, 0, 0, 3, '2019-02-15', 2, 10, 22),
(171, 4, 14, 0, 0, 3, '2019-02-16', 3, 4, 22),
(172, 16, 1, 0, 0, 3, '2019-02-16', 4, 16, 22),
(173, 5, 6, 0, 0, 3, '2019-02-16', 5, 5, 22),
(174, 15, 9, 0, 0, 3, '2019-02-17', 6, 15, 22),
(175, 8, 2, 0, 0, 3, '2019-02-17', 7, 8, 22),
(176, 13, 12, 0, 0, 3, '2019-02-18', 8, 13, 22),
(177, 1, 10, 0, 0, 3, '2019-02-22', 1, 1, 23),
(178, 5, 11, 0, 0, 3, '2019-02-22', 2, 5, 23),
(179, 3, 16, 0, 0, 3, '2019-02-23', 3, 3, 23),
(180, 7, 8, 0, 0, 3, '2019-02-23', 4, 7, 23),
(181, 6, 13, 0, 0, 3, '2019-02-23', 5, 6, 23),
(182, 9, 14, 0, 0, 3, '2019-02-24', 6, 9, 23),
(183, 2, 4, 0, 0, 3, '2019-02-24', 7, 2, 23),
(184, 12, 15, 0, 0, 3, '2019-02-25', 8, 12, 23),
(185, 10, 12, 0, 0, 3, '2019-03-01', 1, 10, 24),
(186, 8, 9, 0, 0, 3, '2019-03-01', 2, 8, 24),
(187, 16, 5, 0, 0, 3, '2019-03-02', 3, 16, 24),
(188, 4, 3, 0, 0, 3, '2019-03-02', 4, 4, 24),
(189, 14, 2, 0, 0, 3, '2019-03-02', 5, 14, 24),
(190, 13, 11, 0, 0, 3, '2019-03-03', 6, 13, 24),
(191, 7, 1, 0, 0, 3, '2019-03-03', 7, 7, 24),
(192, 15, 6, 0, 0, 3, '2019-03-04', 8, 15, 24),
(193, 3, 10, 0, 0, 3, '2019-03-08', 1, 3, 25),
(194, 12, 4, 0, 0, 3, '2019-03-08', 2, 12, 25),
(195, 2, 16, 0, 0, 3, '2019-03-09', 3, 2, 25),
(196, 5, 13, 0, 0, 3, '2019-03-09', 4, 5, 25),
(197, 1, 8, 0, 0, 3, '2019-03-09', 5, 1, 25),
(198, 11, 15, 0, 0, 3, '2019-03-10', 6, 11, 25),
(199, 9, 7, 0, 0, 3, '2019-03-10', 7, 9, 25),
(200, 6, 14, 0, 0, 3, '2019-03-11', 8, 6, 25),
(201, 14, 11, 0, 0, 3, '2019-03-15', 1, 14, 26),
(202, 7, 3, 0, 0, 3, '2019-03-15', 2, 7, 26),
(203, 4, 5, 0, 0, 3, '2019-03-16', 3, 4, 26),
(204, 16, 6, 0, 0, 3, '2019-03-16', 4, 16, 26),
(205, 8, 12, 0, 0, 3, '2019-03-16', 5, 8, 26),
(206, 10, 9, 0, 0, 3, '2019-03-17', 6, 10, 26),
(207, 15, 1, 0, 0, 3, '2019-03-17', 7, 15, 26),
(208, 13, 2, 0, 0, 3, '2019-03-17', 8, 13, 26),
(209, 14, 15, 0, 0, 3, '2019-03-29', 1, 14, 27),
(210, 6, 10, 0, 0, 3, '2019-03-29', 2, 6, 27),
(211, 3, 2, 0, 0, 3, '2019-03-29', 3, 3, 27),
(212, 9, 16, 0, 0, 3, '2019-03-30', 4, 9, 27),
(213, 1, 12, 0, 0, 3, '2019-03-30', 5, 1, 27),
(214, 5, 7, 0, 0, 3, '2019-03-30', 6, 5, 27),
(215, 11, 4, 0, 0, 3, '2019-03-31', 7, 11, 27),
(216, 13, 8, 0, 0, 3, '2019-03-31', 8, 13, 27),
(217, 12, 9, 0, 0, 3, '2019-04-02', 1, 12, 28),
(218, 2, 5, 0, 0, 3, '2019-04-02', 2, 2, 28),
(219, 15, 3, 0, 0, 3, '2019-04-02', 3, 15, 28),
(220, 1, 6, 0, 0, 3, '2019-04-02', 4, 1, 28),
(221, 7, 11, 0, 0, 3, '2019-04-03', 5, 7, 28),
(222, 10, 14, 0, 0, 3, '2019-04-03', 6, 10, 28),
(223, 16, 13, 0, 0, 3, '2019-04-03', 7, 16, 28),
(224, 8, 4, 0, 0, 3, '2019-04-03', 8, 8, 28),
(225, 5, 15, 0, 0, 3, '2019-04-05', 1, 5, 29),
(226, 9, 2, 0, 0, 3, '2019-04-05', 2, 9, 29),
(227, 4, 16, 0, 0, 3, '2019-04-06', 3, 4, 29),
(228, 13, 10, 0, 0, 3, '2019-04-06', 4, 13, 29),
(229, 6, 7, 0, 0, 3, '2019-04-06', 5, 6, 29),
(230, 11, 1, 0, 0, 3, '2019-04-07', 6, 11, 29),
(231, 3, 8, 0, 0, 3, '2019-04-07', 7, 3, 29),
(232, 14, 12, 0, 0, 3, '2019-04-08', 8, 14, 29),
(233, 2, 6, 0, 0, 3, '2019-04-13', 1, 2, 30),
(234, 10, 5, 0, 0, 3, '2019-04-13', 2, 10, 30),
(235, 15, 13, 0, 0, 3, '2019-04-13', 3, 15, 30),
(236, 16, 14, 0, 0, 3, '2019-04-13', 4, 16, 30),
(237, 12, 3, 0, 0, 3, '2019-04-13', 5, 12, 30),
(238, 7, 4, 0, 0, 3, '2019-04-13', 6, 7, 30),
(239, 1, 9, 0, 0, 3, '2019-04-13', 7, 1, 30),
(240, 8, 11, 0, 0, 3, '2019-04-13', 8, 8, 30);

-- --------------------------------------------------------